,index,selftext,num_comments,score,title
87,242,"I'm 22, I dont have a car, I'm back living with my dad,  dont have any savings, my mental, physical, and dental health all need attention, and my boyfriend of 4 years broke up with me because of all the aforementioned problems. I really dont know where to begin. I think I have a plan, but obviously I've never been able to make it work before, so I'm not sure what to do",5,1,"""you need to grow up""; general SOS"
113,277,"I am a year out of college and am still under my parents insurance policy. I live about 8 hours away from my home town where most of the things my insurance covers is located. Either way, my insurance does not cover dental as it was only covered while in was am active student.

 I dont know where to start to find a dentist in my area that will not cost me thousands of dollars for a cavity. I've looked into the local university dental school but their new patient policy doesnt suit my life. Anything helps. Thanks. ",7,1,How to find a dentist without insurance
141,316,"Hi y'all, I couldn't think of a better subreddit to turn to about this than r/adulting so hopefully this is okay, haha;; this is kind of a long post so I'm sorry, it just requires some back story.

So I'm 22, with a boyfriend of 2.5 years, I have recently decided to go back to college to get my AA (and eventually my BA, but I'm going to community college to start), I'm working on getting a job that will work with my school schedule, and...

... I'm the youngest of three siblings so my mom has decided to baby the living hell out of me for years. My boyfriend and I live in the bottom part of her tri level home, rent free. My mom pays for my health insurance, car insurance, and gas, I take care of our phone bill, my credit cards (been working on building my credit the past couple years with no problems), mostly I take care of our food, outings, etc. So while I'm not too worried about eventually taking on the big bills, here's where things get dicey. 

I wouldn't exactly call my mom an alcoholic, but I know whenever she drinks (which happens in phases, she may drop it for a week or two then start again full force) she picks fights with me. The other night it happened again. I went upstairs to show her something cute I bought and somehow it blew up into this massive thing about, somehow, my boyfriend. But the subject is beside the point here, the point is that I'm sick of being afraid of my mother and her drinking. This last time I stood up for myself after being diplomatic didnt work and honestly, I was fully expecting to get slapped or even kicked out. I'm so tired of this endless cycle of her drinking, fighting, then sucking up to the point I'm ready to move out. My siblings have told me to move out since I turned 18 but I've been financially under my moms thumb.

I'm scared for my mental health and well being as well as the security in my place to stay. I have issues with my brainbits that make it hard for me to function sometimes, I know depression and anxiety are a component but in the coming months I'm going to seek treatment and get diagnosed. I've attempted suicide before and while I'm not looking for a way OUT but instead a way out of my parent's (thankfully that's the difference this time versus other times shes pulled stunts like this), I have a bit of another issue with just getting an apartment and moving tf out.

After high school I got a dog to be my unofficial ESA. His name is kodiak and he is the dumbest, sweetest creature on the face of the earth. Hes half rottweiler/half goldendoodle. Hes been an amazing emotional support animal, and once I seek treatment I plan on getting him fully established as my ESA from my therapist. But hes an ""aggressive breed"" which blacklists us from 95% of apartments around us. In addition, my boyfriend has a German shepherd of equally good nature. I've heard you can get two dogs registered as ESAs under one name and it removes the ability to discriminate on breed and weight, and while I have no problem vouching that the pup has helped me (I paid for her anyway, shes my boyfriend's in name only), I just don't know what power landlords can have when it comes to ESAs and the ability to find housing.

My goal is to move out by the end of the year, but my boyfriend thinks we should stay until I've gotten my associates. While I've dealt with my moms possible alcoholism for years, my desire for autonomy is really clashing. While I'm sure I could keep things copacetic enough to be able to stay until then, I really dont want to. I'd rather slowly work on my associates but be free (or face it full force head on while we look for places, then slow down).

Honestly, r/adulting, I just need some advice here.
A) given the backstory, is moving out wise? I cant change my mom, she refuses to believe alcohol has any affect on her and instead it's all my fault, so there's really no changing her behavior. Shes 63 and stubborn as a mule. My siblings have no leverage here either. So it's either move out or suck it up till I graduate, which should I do? 
B) if we decide to move out, what do I do with my dogs? Get both registered as ESAs? Does that even help?
C) call me scum of society if you want, but I fully plan on utilizing food stamps and my college's support systems for poor students if we need it. Are there any other reliable programs to help support us if we need them? I honestly dont know what's out there besides food stamps, if there even IS anything out there besides food stamps lol

Sorry for the long post, but any help is super appreciated.


",4,1,22 y/o facing issues with finding housing
156,342,"hey. im 19 and i like to have fun. when i dont have fun, i wanna die. how do i stop that?
how do i live my life when i cant enjoy my everyday life? im so unhappy with it and i dont know why. i feel so alone even though im not. im broke now so my friends are having fun and im at home crying. ive never had a job due to mental illness and i dont know how i can move out, or if i even want to",1,1,doing things you have to do
167,370,"So I'm 19 and as much as I don't want to I know I have to start being mature with my money. I'm going to try not to get into the backstory of why I am the way I am, but basically I feel like I had to skip the whole normal teenage years where you work and can spend all your money on normal stuff that you want and not have to worry. So, I think it's hard for me to spend and save wisely because I'm in a position where I feel I can live that way now. Does that make sense? 

I'm 19, still living at home, but work full time. I know that I should move out, but because of what my parents (mostly my dad) did to me growing up I want to milk living here for free as long as possible no matter how toxic the environment. But again, I know I should move out.

 I also realized I should probably figure out what to do about my truck: pay to have it serviced or replace it. Long story short: dad bought the truck 6+ years ago and my older brother used it for a while. Not sure if he did regular maintenance or not. Then it was passed down to me. For the three years I've had it I dont think my dad ever had work done to it. No oil change, nothing. I rarely drove it up until recently because I was doing online school so had no need to leave the house. Then I moved to Seattle for a bit and didn't bring it, but how I drive it every day to and from work. So I'm scared to get it serviced because I know theres probably a shit ton wrong with it and, going back to that ""just wanna spend my money and have fun mentality', I dont want to put money into it. It's a 2004 Toyota Tacoma prerunner with 227,000 miles... feels like it runs great! Hasn't broken down on me ever, but I'm scared that day is fast approaching. So I'm considering trying to buy a used Tacoma with 4wd because it snows here and my little truck now cant handle it. But again, that's a lot of money. 

I want to have fun. For so long I've been burdened by poor mental illness. Secluded from the world, by my own doing, just so I could survive. Dealt with abuse both from others and my own brain. Now, while not free from any of it, I have to have the responsibility of a full time job which makes my mental health worse. My only real escape right now is the expensive hobby of scuba diving. I Was planning on buying my own gear here in a couple days because I'm getting a good bonus on Friday, but now I'm torn between being responsible or treating myself real quick so I can make these next couple months somewhat bearable. 

Savings wise I only have roughly $4k. I have opportunities to make rather large bonuses every month if I work my ass off and am one of the best in the company though. Last month i did just that so I'm getting a bonus this Friday. I dont know how much yet, but some estimate around $2500. It could be more during other months depending on how well we associates do on our goals. Around Christmas time we have what's called super stretch and people have walked  out with $30k bonuses... so theres opportunities to make quite a bit. But I cant operate at full power when every day makes me revert back more and more to suicidal thoughts. With no escape and no motivation it's hard to be your best. Hence my desire to spend money in the pursuit of happiness. 


I need help. 

Sorry for any formatting/spelling errors. My phone likes to correct actual words into nonsense. ",3,3,Budgeting and being responsible with money?
175,385,"I have ssi and I get 670/mo. I dont know where to go or what to do.  Atm I'm homeless in orlando. No money till the 30th.  I thought about baker acting myself till the 30rth but scared i wont get released and also i dont feel right using the system like that. My issue is finding a place that is cheap or with no deposit so i can afford it and food for the month. Ive also looked into taking a plane to a cheap city like richmond indiana and getting an apartment there since its top 5 cheapest places in usa.  But plane tickets are also expensive.  Bout ready to offer a trucker a bj for a ride and i aint even gay.


Tldr: i get 670 a month. How do i find a place for little to no deposit. Should i leave orlando or stay. And if so how do i balance cost of plane ticket with everything else
",2,2,Renting abd food 670/mo
443,759,Im 26 yo m. Ok so I guess I'll start with the landlord shes selling it to me for 43k (2 bedroom 1 bathroom big attic big basement) (it goes for 70 something k but this is kind  of a special case. Her son who owns it is in prison and she doesn't want it) I make roughly 38k a year at my job I've worked at for over 2 years. The garage has to be torn down its dilapidated. The attic needs insulation. All windows should be replaced they are very old and fragile and leak air. The kitchen should be remodeled (it's not unlivable but it's old and tacky and no dish washer) bathroom same deal. And basement has small leak by floor also not a huge deal(I dont think?) But other than that I've lived here 2 years already and have noticed no other problems the roof is brand new. She installed brand new furnace(3k) and new front steps (1k) I'm not particularly handy but I'm going to try and demo the garage myself with a friend but everything else I'll probably hire someone to do it for me. And more info about me I have 4k in savings but I've built my credit up to 730-740 within 12 months. My car is worth 5.5k and fully paid off and very reliable. I have 0 experience in getting loans and dont know where to start or what to look out for. Any advice at all about the house or loans is greatly appreciated thanks.,8,1,Just looking for any advice for buying my first house (the current one I'm renting from owner)
545,898,"I think about this a lot.

I‚Äôm going to a pretty prestigious college, where I‚Äôll likely get a degree that will allow me to work a stable job and make good money in the city. Maybe it‚Äôll be a job that requires me to travel a lot, that would be interesting‚Äî or simply staying in the city. And I like the city‚Äî I like the immediacy of everything, the ease of transport, the entertainment, variety, and constant contact of people, even if theyre not close friends.

However.

Just as much as I‚Äôm interested in the city, I love the idea of having my own home with a garden that provides me food, chickens to care for, and maybe even a more intense farm animal-caring lifestyle where I care for and practice horseback riding.

I‚Äôm not unfamiliar with both of these. My grandparents on one side are a farmers and I‚Äôve practiced horseback, I enjoy it a lot and I love having food that I raised in the conditions I choose. But my family on the other side is very much full of city people, so Im totally comfortable and happy there as well!

I dont know how I‚Äôm even supposed to divide these two. I feel like if I pick one I‚Äôll be unfulfilled because I rejected the other. Caring for farm animals is something that takes a lot of time, but I dont know if I would want to give up a life full of opportunities from the city to be on a farm, and vice versa...


help",4,1,So how is one supposed to balance their life?
600,1016,"So I have an older brother who will never stop gaming. Hes 21 now, and he doesnt really help my mom pay any sort of bills, or consistently helps around the house.

This makes my mom mad. Really mad. But because she somehow still has a use for him, and values family too much, shes never going to kick him out. This results in him going several months without paying any sort of rent, while my mom complains and cries about why he wont help out.

I seriously dont know whats up with him. Could he be depressed? He wanted to study engineering but got kicked out of college. Ever since then hes been staying at home playing videos games most of the time locked up in his room. 

I used to suggest jobs or things he could do but he always found a way to shoot it down. The very few times he has worked he decided to quit not long after. 

I just want to help imrpove the situation, becuase if my mom gets mad at him she gets pissed at everyone else. She makes a lot of threats though (taking away his ps4, tv, computer etc.) but never really does anything until shes at a peak (which she rarely ever reaches) 

Is there any kind of program for this situation to help him? Ive told him maybe he just needs some sort of therapy but he doesnt like the idea. Anything that can convince him to can help! He'd be willing to listen to logical arguments that suit him, I just havent found one for him yet. 

TL;DR
Older brother is addicted to gaming and not really sure how to help out so he find some sort of job and help around the house. Any advice would be highly appriciated! ",15,1,Older brother addicted to games
840,1468,"The details; I'm 21. I work from home as a office manager/bookkeeper for a small company. My someday plan, thats been taking over my headspace, is to shift from as employee who does bookkeeping, to a small business who bookkeeps for small businesses or people's personal finance. I will stay with the company I'm with, but will slowly start taking on new customers. But quite frankly I dont know what the first step in that transition should be.

This planning of mine has sparked a million other thoughts and questions. I bring in the majority of money between my long term boyfriend and I - he is building his streaming channel. Our living situation makes it easy to live on my income, but we aren't saving much - even thought we do have a little emergency fund of $6000 at this point.

But. Being 21 and 23 im starting to think about how I should be planning on aquiring a house. I dont know what my first step should be there. We plan to adopt and that gets quite costly - I dont even know how to breach into that. Since we live simply we want to save heavy and invest so we can retire early-ish. But I have absolutely no idea how to invest or make our money work for us. We have zero debt. But we also have zero credit. So I know that needs to change.

Any advice in these areas or questions, suggestions, etc would be MUCH appreciated. 

Thanks (:",0,2,Time to Start Making Changes
864,1504,"Im 18, and i graduate in a couple weeks. Im at a dead end job rn because of a class im in at school (basically get an A for leaving school and working) and due to the class, i cant quit. But as soon as summer hits, im applying to work with my mom at a bank making 15 an hour. I‚Äôll work there all through summer, and keep working once im in college. I wanna move out of my parents house by sophomore year, but i also want enough saved up to pay for 6 months of living out the gate. Food, rent, bills, gas, the whole shabang. Only problems calculating all that, i dont know how many hours i‚Äôll get while going to school, and i have no idea what to expect from bill costs. I‚Äôll also be living with my girlfriend who for the forseeable future will be working at a retail store making 9 an hour while going to school. I guess what im looking for here is, is this realistic?",5,5,Beginning to adult soon hopefully. Need adult help from adult people
1092,1816,"i have so many questions like how do i make an appointment and what do i need to bring?
i‚Äôve never been to an obgyn but i have questions about obgyn related things so should i see a obgyn or can my gp do that kind of stuff?
i also want to make sure i‚Äôm up to date on vaccinations and stuff and just generally make sure i‚Äôm in proper working order but i dont know where to even start
i already have a doctor i usually go to but recently my dad‚Äôs (i‚Äôm still on his insurance) insurance provider through work changed and i also don‚Äôt know how much everything will cost 
very confused and anxious any advice would be wonderful",5,1,18 yo Female Advice on Doctor-ing
1169,1925,"I dont know what to do, my mom whom I haven't spoken to in months claimed me as a dependent and now I cant get my tax return or my stimulus. How do I report this? Ive tried calling the irs but they sont have any representatives right now, I'm freaking out.",6,1,Abusive mom claimed me as a dependent on taxes
1184,1945,"I'm Canadian, but I'm in the US, in the process of immigrating here so I can live with my husband. We got me an ITIN number almost a year ago now, and then he moved--his old address is what the IRS has for me, and I moved in at the new address in January. Now with what's happening to immigration and also just the US in general, I dont know how to change my address with the IRS. They're not processing paper or written notices of change, and the only assistance they offer on the phone is automated help--that needs an SSN to access. I dont know how to fix this and I'm worried because as an ITIN holder, I may qualify for the stimulus, which would mean rent and bills would be one less month a worry--but the stimulus would be mailed to me, back at the old place. 

Can someone help me adult and figure out what to do?",1,1,Didn't know I had to change my address with the IRS...
1353,2200,"So Ive been experiencing some quarter life crisis during the pandemic, perhaps due to the fact that Im home a lot following quarantine. 

Aside from the fact that corporate work is political and stressful.
Im working in HR by the way, handling a lot of different processes for expatriates.(benefits, payroll related and the like)
Our workload just blew up since March of this year and it has been very complicated and stressful. I understand where the frustration of these employees come from, however when you receive non stop escalations and frustrations everyday it becomes draining. I also dont like working at home as it kind of removes the feeling of comfort at home. However given the current pandemic..this is inevitable. I dread going to work every morming and I just kind of do it on auto mode nowadays like a robot. 

Before this role, Ive been working in HR as  a recruiter and onboarding, both of which are also stressful in my previous companies. Thinking about it now, I appreciate the field of HR as it is mostly looked down upon a lot..but I guess I also came to realize what I hate about the work and what I know Im good at so far.
Its tiring, and makes me lose hope on humanity to be honest (a lot of jerks out there..not all..just some)

My current company is also undergoing change and streamlining ...meaning they will remove people..and im anxious because I know I need to save up as looking for a job is hard in this pandemic...but mostly I know Id feel more relieved if they cut me off. Less Stressors and more time to figure out what I really want.
I dont know if its too selfish to think this way, as I know my family would be disappointed with me. Afterall, its a big company im working for and a lot of people would want to be hired in it as well..but the fact remains I really dont like what I do.

Internally transferring positions is currently not possible as they are cutting down people as we speak...and more will be cut by end of the year.

Im just doing my best currently holding on...saving up as much as I can..riding the wave out..anxious if Im about to lose my job but also want to take a break. I keep thinking everyday, whats the point of pushing and working hard to get recognized..if we will be cut off anyway..it feels as though they already have a decision and just letting us work our asses off until the end of the year. No recognitions as well and anh performance appraisals..

sucks...damn this year.

I only know what I dont want to continue so far, and a bit on what Ive observed im good at...",0,1,Quarterlife Crisis
1356,2203,"So I moved into my new apartment about a month ago, and i was FINALLY able to get the mail key from my landlord- Actually it was just that i completely forgot to ask for it, and i wasnt expecting mail so it wasnt too high on the priority list in my brain. I go down to my mailbox to open it and theres a TON of letters in there- none addressed to me. Im assuming they were supposed to be for the residents that lived here before I did, since one of the letters dates back to about 10 days before I moved in. One of them is hand written as well, so i feel bad just throwing it out. But should I? I tried looking up the names on the letters and I have a couple candidates that im pretty sure are the people im looking for. However only one is handwritten, the rest seem like they may just be from mailing lists or something. i really dont know what im asking for here lol. i guess im just wondering if anyone has been in this situation- what did you do?",1,1,What to do with mail that isnt yours
1363,2212,"Hi yall. Im 18, living in a room I rent in my grandmas old house. Given that our house is VERY OLD and has carpets from the 1970s that have never been replaced, my carpet has always smelled...interesting. 

Well, a couple days ago, i spilled some water on my floor. I tried to wipe it up as well as I could. The next morning i woke up and my room smelled TERRIBLE. LIKE ACTUALLY DISGUSTING. I‚Äôve been feeling sick from it. Its been about a week and the smell is getting worse. My throat hurts all the time. This is the room I have to sleep in and i dont know what to do. I cant tell if its mold because I cant just cut the carpet off the floor. 

I basically have no money, as you can probably tell given I rent out a room from my grandmother, since im in college and am unemployed. What should i do??? As im writing this i feel sick and the smell will not go away. 

Oh also, I have asthma and have recently been having more asthma attacks. Idk if that has anything to do with this",2,1,I need help: I think i might have mold and idk what to do
1393,2249,"Hello 
So i have car insurance premium and it runs me about $500 a month(i have some minor accidentsüòî) anyways.. so i put fire and theft on my car because i am out of the country with my husband. My insurance company was behind on paperwork or something and charged me for the full amount rather than just the fire and theft. So they owed me around $400 ish. I got a direct deposit for close to $1300 from my insurance company. I have no active claims going and i dont know why they sent the money. And i dont want to ask them why incase they ask for it back LOL please help",2,1,Car insurance refunded me?
1520,2428,"Ive just graduated college about 6 months ago, got a job in NYC paying around 45k. Ill be commuting and paying other life expenses and will probably have about 1000 -3000 or more roughly (dont know exact numbers yet). I dont want to come home from my job and just sit there and do nothing, I want to have my life on track so to speak. Any tips?",3,1,A bit lost in life.
1768,2888,"In about two months, I'll be 18 and I'll be graduating around the same time, and I have no idea what to do once I'm set free of the restrictions of being a minor in high school.

I have a crummy fast food job that I hate, and I dont know if I want to go to college yet, at least for a couple of years. I know that I dont make enough to pay rent, so I'll most likely have to stay with my parents for a while. 

I feel really lost and I don't know what to do. Adults, what are some things you did after high school, or what do you wish you had done? How did you find your purpose in life?",45,1,I'm turning 18 with no direction in life
1804,2946,"Slacks+solid black shiny shoes+solid colored t shirt+blazer=business casual? I dont know what im doing, but I have a meeting and have to make a good impression",12,1,Business Casual??
1878,3046,I am 22m lost at the moment for i dont know where to head to in life at the moment after a failed attempt to join the military. Some back story my father was deported before i graduated high school and my mother has been unemployed living off Social security checks. I had to work while in high school doing landscaping with an uncle for like 60 a day until i graduated and worked forklift trained on my firat job witch lucky got me the job i have now for 18hr. I struggled with my weight for 2 year until i hit 170 (i was 280 when i graduated) which made me underweight to joing the forces. How ever after being sent out to meps my job had let me go and mep did not have any paperwork witch i was told someone forgot to sent so i got sent back and was told o couldn't go for 3 months. I had a hard time getting work so me and my mom got evicted so we had to move in with my sister and after that i just let my dream drift away ..i gain weight. Did not join and decided i should just go to college like my sister advice ...i am 240 currently and have seen my friends graduate college or are in the military and i just lost ..not knowing if i should commit to school or work on my health again so i can have a second chance ... I just want to be a decent father (i dont have kids i just know thats what i want in life). I want to be part of the middle class.,5,19,22M just need advice for awesome people
1900,3072,"I lease directly through a local dealership for the brand of my car. To get the title, which is needed to register my vehicle, this brand has to get their finance company in California to mail it to my area DMV. I have called four times to ask for this to be done and to confirm and they refuse to give me confirmation or tracking numbers, or any other proof they'll send the title. I just have to sit and wait (the request alone takes 5 business days, however long it takes to process the request once accepted, and then another 4 or 5 business days for it to arrive by mail). I keep going back to the DMV to ask if it has arrived yet and it has not - no chance it's been thrown away because they always call the contact info on the title if they have questions.

I've been pulled over once already because of all of this and I dont know what else to do differently. I'll be calling again tomorrow. This cant be legal for this company to not send the information - with how many times I've called and been assured not one, not two, but THREE titles have been sent (and yes I confirm addresses because I'm paranoid), and not one ever reached my DMV - and I have to pay every time I get pulled over for expired registration. I can record the phone call too but I dont even know what to do now that all this has gone down and I have proof the leasing company and brand in general is being negligent.

What do I do???",0,1,Car leasing company is keeping me from registering my car.
1954,3144,"im so lost. i dont know what to do or where to go to. posting this here because i know your insights would be amazing plus ive got no one to talk to. i am a fresh graduate from college and right now i dont know what to do about it. i dont consider myself as someone who is great on my field of work but i am knowledgeable. the uncertainty of what i am supposed to do during these times, looking for work and being rejected scares me. i already tried looking for some and was already rejected and im afraid to try again. it hurts and im so lost. i wish there was a clear path for me to follow",2,1,21 and lost
1955,3145,"im so lost. i dont know what to do or who to talk to. posting this here because i know your insights would be amazing plus ive got no one to talk to. i am a fresh graduate from college and right now i dont know what to do about it. i dont consider myself as someone who is great on my field of work but i am knowledgeable. the uncertainty of what i am supposed to do during these times, looking for work and being rejected scares me. i already tried looking for some and was already rejected and im afraid to try again. it hurts and im so lost. i wish there was a clear path for me to follow",0,1,im lost
1995,3192,"Hello! This is my first post here and I feel a little lost. So I need to get myself enrolled in health insurance by the end of September (I know I'm doing it kind of late) and I need some cheap options. Im 20 and work at Starbucks  in CA  and wasn't finding their insurance useful. I've been looking at medi-cal and I have no idea what I'm doing :/ I dont know what deductibles are or any of the terminology, can anyone give me a brief rundown of what to look out for and help me avoid spending too much? Any help is appreciated!",1,1,Help with insurance info!
2357,3667,"I'm 23 and graduating college in 2 weeks. With all this quarantining in place, I'm thinking about all the things to think about to be really independent from my parents. I don't have a job yet, and I'll be looking for that soon, but other than that and income issues, **what other things do I have to know about? or start doing?** I'm pretty clueless.. 

Things like health insurance, car insurance, savings.. i dont know.. anything!",0,1,What to do...
2360,3672,basically i dont know what to do i mean i work and come home to do nothing i dont know what else there is to do like what goals do i set or what i have zero clue im lost.,11,4,i dont know what to do in life
2497,3864,"I'm barely an adult, 17. Looking for a quick minimum wage job, but I dont know where to start.",1,1,Are there any sites or apps to find a job near your location?
2656,4076,"Long story short I got scammed in February by a guy selling a car, went to the dmv to register and they said ""either get in contact with the last legal owner or get yourself a lawyer."" Since I did not have a lot of money I found the last legal owner and he was unable to transfer legal ownership of the car to me because he had a lien on it and no paperwork proving it was paid (on top of proof that the FIRST owner of the car paid off THEIR lien was lost in some paper shuffle)

I bought this car in February before Covid shut most things down and now that I'm working again I'm desperate to legally own the car that's been sitting in my driveway. I need it otherwise I'm paying $40 a day to lyft to and from work.

I'm done trying to find this paperwork, I've called so many people and companies and made zero progress. I'm at a point to where I'm willing to seriously struggle if I have to in order to get a lawyer. My problem is, I have no idea how to do that? I dont know what kind of lawyer I need much less how to track one down. Anybody have any advice? I dont even know what kind of action the Lawyer can help me with. Will they be able to get the court to award me the car or something? Even pointing me in a direction where I can start my research would be infinitely helpful I have no starting point.

(Note: I now know that buying a car from a regular ass dude was a bad idea, I'm never doing it again dont recommend to anyone else especially if you're like me and don't know anything about nothing.)",4,1,"Became a victim of Title Jumping, now I need to find a lawyer (FL)"
2700,4145,"On mobile so please forgive any mistakes

As the title says, im 26F with 2 kids, 9 and 8 months. I made it through high-school and graduated (a year late for what should be a pretty obvious reason) I tried going to college right after but hated it, never went to classes, never studied and dropped out. I went through a program a few months after I turned 21 to drive a semi truck and loved it. Drove over the road, did local and eventually settled into end dump and thats what i did til I was 20 weeks pregnant with my 8 month old. And now I'm a stay at home mom while my SO is an over the road cattle hauler. I think im ready to go back to school but im not really sure where to start. The program im looking into is at a community college close by. An Associates in applied science for equine science. Now, I dont know a ton about horses beyond what my daughter has learned at her weekly horse lessons but growing up I wanted to be a vet for horses and other farm animals. Obviously I probably can't be a vet (I was told I was too dumb when I was growing up) but I think this would be the closest I could get to it. I was having a pretty emotional response while looking into it. First it was because it was overwhelming, then because I had no idea how to apply or if I should do a FASFA, how to talk to an advisor, then it was because how in the world could I do this as practically a single parent with no nearby support system (SO is gone for about a month at a time and my nearest family is 2.5 hours away). Is it worth it to keep looking into, where do I start. I had an email sent to me saying I need to take a placement test and all that but I dont know. I feel like im over thinking it l, maybe I cant do it, maybe this is dumb, etc. I just don't know where to start. Classes start August 17th, is it too late for this coming semester? I'm in the Midwest, US if that makes a difference

Please forgive me if this doesn't make any sense, im so overwhelmed and I feel all jumbled. 

I havent talked to my mom about it yet, she suggested looking into college again but I doubt this is the kind of thing she was thinking. My SO and I are also talking about just buying another semi and  putting me to work doing construction end dump, but he's supportive of me going back to school if its what I want.",14,1,I'm 26F and thinking about going back to school
2784,4257,"Hi adulting! im new to this subreddit and I hope to get some advice.

Im 21 and i feel like im at the point of my quarter life crisis where i regret not preparing more for this adulting phase. I suddenly feel like I have so much on my plate and im fairly new to prioritising these big things. I do not know if what im doing is right because none of my decisions has had any visible harsh consequences so i cant use that as a gauge on what im doing.

I've recently grad (studied far from home) and have moved back to my parents place. Im looking to work full time back in the city and my lease (apartment in the city) is still going. I used to live with my boyfriend but we are now taking a break and im not sure if im ready to live alone. My parents has asked me to live at home and find a job nearby (not many opportunities w career progression). But living away from home as opened up an entire new thing on me doing things that work for me and building my own routine.

I'm torn apart because moving to the city means I am to live alone and find a good job while pushing myself out of my comfort zones, where as finding a job near home means I could live w my parents and keep my dog. I dont know which to prioritise when finding a job, comfort or opportunities, and im very sure there are other factors that would contribute.

I would like some advice on how should I make this decision. Should I put ""taking risk"" into my suitcase and jump onto the train, or should I hold back until i feel more ready? I feel like no one is ever ready for adulting and im not sure if im being a chicken about it.",2,1,Packing my suitcase to board the adulting train but what do I fit in my bag?
2888,4411,"So I work in ""retail"" a much fancier word for grocery I guess. We have to literally hunt for our shifts due to the job being so flexible. They company I work for keeps masshiring people (qualifications or some to none) and it's getting very hard to obtain shifts. Usually what I would do a week is grab three doubles and this week I only managed one so far. The server they get dropped onto always runs extremely slow and all 50 or less shifts for 500 or more or less people ALWAYS run out in less than 1 to 2 minutes.
I've been applying to other retail related jobs and I only have gotten one call back but the second interview was never fully completed due to miscommunication.
I have a BA degree and my prospective job field doesn't seem like they're going to hire anyone with no experience aside from the current retail experience and the countless volunteering experience I've done(still not employment though). 
My anxiety cranks up everyday before, during and after shifts drops and it leaves me with a feeling of hopelessness. I moved in with my partner and I help pay rent too aside from car payments, loans, and credit car debt. I'm disappointed I guess. Maybe in myself but also that I didn't jump into the field I wanted before covid hit. It's really mess this up for me and many others.
I dont know where things will be financially for me in the next month or rest of this month but I'm scared. I have a little bit of savings and I might also sell some assets but that's all.",5,1,Work has me so discouraged
2966,4524,"My mom just went shopping. Were all depressed and lazy. Thats the facts. This time she bought some fresh veggies and ect. to try and be more healthy cause all we eat is junk food. Admitedly i dont know what things taste good together or what i could make. So ill just list ingredients and hope one of you imternet peeps has a good idea.
Ground beef
Lettuce
 Tomato
Spinach
Red onion
White onion
Lots of potatoes. Like ALOT
(Possibly yams idk what they are)
cilantro
Sweet mini pepper
Mushrooms
Garlic
Avacado
Frozen bag of carrots, green bean, corn, and peas
Tofu
Cheese
Quinoa
Chia seeds
Rice
Noodles, spagetti and fettuccini
Sour cream
Greek yogurt
Canned pasta sauce
A fuck ton of diffrent tortillas
Some fruit like blueberries, pears, apples, and lime
Eggs
I also have other assorted cooling things that most people have in a kitchen like butter and spices and such. So if you have any ideas that assume i have an ingredient feel free to share. Id like to learn to cook with veggies. My therapist keeps telling me that eating healthier helps with depression and my energy problems. I believe her but i dont know where to start. All the recipes online is a little over whelming and recipes exist assuming you have certain items. So help would be appreciated for this inexperienced young adult.

",52,39,Alright so cooking help
3044,4646,"Okay so basically I'm 22, and my boyfriend is 21. 
We both live with our respective parents. We both work pretty low tier jobs and are both going to school. We really never get any time together and  because of school, it would probably be another 3 years before we could even think about starting a life together. 

I have an opportunity to move up in my current job enough to potentially support us but I know I would be miserable, and wouldn't have time for school. I get so tired of basing everything we do around our parents and I want to be able to do things that we want. 

I dont know what to do. some days it frustrates me to tears, and other days I just tell myself ""itll be okay eventually"". 

Am i trying too hard to rush things or am I rightfully annoyed at my current situation?

Maybe some of you could make some sense of this and maybe just give me an opinion? I dont know.",9,13,I'm driving myself insane and need some outside perspective
3198,4857,"Okay so i hate cringey words like goth and emo but for explanatory reasons ill use them, basically i grew up out of my emo phase now idk who i am xD like idk who or what my personality is or what i feel comofrtable wearing or looking like. Nothing feels right. 
Also had a spiritual awakening recently where my entire ego identity was stripped away from me, so like my entire identity was wiped clean. 
I also always cross dressed , and wondered if i was trans. I dont think i am. But i always had a boyish style i felt comofrtable in. I think we feel comofrtable in certain personas based on who we want to find us attractive, we feed off our surroundings, meaning we act or dress or look a certain way of course to look attractive to other people, right? 
Idk. Okay basically. I dont know who i am anymore. I dont even have a personality anymore.
I MYSELF, dont really identify with an ego anymore. It sucks dick. Really. Basically my emo phase is over, i dont even feel like crossdressing anymore. Idk how to explain it. I used to cosplay as all sorts of anime girls and guys. I dont want to assign myself to anything.
I...i...just dont feel the same since the thing that happened in my last post,check my last post about astral hell, i feel like i died. My ego died. I feel like i died. Can egos exist in 5d? I..i just...
Idk....",9,1,I evolved out of my goth phase..and...
3391,5100,"This might just be because the last few days have been rough. But I dont know how to fix this cycle.

Clothes are backed up, I'm always tired, I never have time or know where to start to clean, and I have a partner that's a lazy house cat who is apathetic to it all. 

I can't cook, I can't seem to ever declutter, and I have a problem going to the store to look around to feel better. 

Any advice r/Adulting? I want to fix my life and I feel like I'm just losing it.",10,1,Am I burntout? Or just lazy?
3446,5166,"Hi everyone, I am moving into my own place for uni and got mostly all of the basic things. I'd love to hear your suggestions on stuff that I need but dont know that I need it.",120,118,What are some cheap/small items to buy for your apartment that will help your living grately?
3494,5225,"For context, I have a full time job in fast food as a manager. I've been here for just over 4 years now.
I am planning on going back to school next august, but I am wanting a second job so I can put away a bunch of money so I can cut back on my hours. 

I know that job hopping is bad and that working for a short period of time looks bad on a resume. I just dont know what that cutoff point is between acceptable and bad.",14,5,"How short is considered ""bad"" for working a job?"
3591,5348,"You know, I‚Äôve had many failures in my past life. And my mom has always taught me to ‚Äúbe the best‚Äù ‚Äúput in 110%‚Äù and my sister is an ivy league student and I‚Äôm kind of a loser, idk what happened to me. My dad doesn‚Äôt really care much, he‚Äôs never disciplined me he‚Äôs lazy himself (the main reason why my parents‚Äô marriage has been failing but they stay together for the kids) maybe i took after him? Idk. 

But now I‚Äôm in a place in my life where I want to stop feeling like a loser and want to be more proactive and challenge myself and push myself to be the best I can be. And since this period of mental growth, I realized I had to let go of a part of me. Which I struggle with. So tell me what you think or if you have experienced this?...

I‚Äôve always been a daring, adventurous person. There will always be a part of me that longs for the fast life I think. I used to smoke a lot of weed, blackout whenever I drank on weekends (which wasn‚Äôt every weekend because I was never much of a drinker mostly because I dont like the taste), but the smoking was excessive. And I liked the bad boys. I used to be involved with a drug dealer and we would smoke together sometimes. But now I have a boyfriend who is put together, very smart, and even has never gotten high in his life. I don‚Äôt drink often anymore, I don‚Äôt enjoy going out (but i never really did unless im in the right setting like a cool nyc club or rooftop bar or something. Not a fan of college parties), and I havent smoked in more than a year (mostly because it makes me depressed about my path of life and made me reevaluate myself and told me that i have to stop smoking because i dont know the first thing of balance. If i smoke a lot, i allow it to make me lazy and allow it to affect my motivation, therefore I stopped it all together.
In addition, I see myself forcing to be around people who want to strive to be better and be successful but I feel out of place and intimidated most of the time when I‚Äôm with them as opposed to my close friends who aren‚Äôt super motivated, maybe a little mediocre idk. 

But I miss all of this. I miss not worrying about school, I miss smoking often, I miss being involved with the bad boy, I miss just being around ‚Äúmediocre‚Äù friends. I guess I miss being stupid and immature....how do I stop missing this? I shouldn‚Äôt be missing this? 

I get bored. I like the adrenaline, i miss the adrenaline. I feel alive.

But at the same time I want to be successful, I want to reach my full potential. 

So what do I do? How do I not get bored? Do I just need to learn balance?

Thanks for listening",12,41,I Miss Being Wreckless?
3672,5450,"I‚Äôve been trying super hard to find a full time job so I can have insurance, another topic for another time but I have an art degree so no luck other than freelance... I had two part times and over all I am having no luck. I am off my moms insurance in about a month, and I recently found out I need a necessary surgery. I don‚Äôt think I am able to get said surgery in time due to waiting and what not so I will have to rely on medi-cal until I can find that full time job ...
A worker at kaiser told me medi-cal is based in the income of the individual and some told me it‚Äôs based on house hold. Problem is if it‚Äôs based on household I am absolutely screwed. I live with my mom, sister, her bf, and grandma and my mom makes a lot of money but does NOT support me financially. I pay my fair share of rent, buy my own food, utilities so yes I live with her, but I am not dependent on her at all once or ever except her insurance I guess? But other than that zero help. But she does make a lot of money and I think if it really is household income I‚Äôm screwed. Does anyone how if it‚Äôs through self like the guy said or House hold? I really need this surgery..

I‚Äôm assuming people with roommates are also a screwed? Because I‚Äôm essentially in a room mate situation even though it happens to be with my mom. Does this mean if someone who needs to go on medical can‚Äôt qualify if the roommates income counts as well?",2,2,Question relating to medi-cal qualifications.
3678,5457,"long story short I wasnt able to pay my medical bills on time so they were ""sold to a collection agency"". 

I dont know what that means or how to find it....? 

like I just have bills that I cant find so I dont know what to do.",1,1,How to pay collections?
3699,5489,"Lately I have felt super overwhelmed by the ""paperwork"" of being an adult. I'm talking about paying bills and keeping track of when each one is due, scheduling and remembering doctor's appointments, keeping up with important documents, remembering everyone in my families social security numbers, meal planning, budgeting, etc. Does anyone have any tips on how to keep organized? I have tried keeping a planner and I'm just not good at updating it and remembering to look at it every day. Do I just need to try harder? Is there a magical app I dont know about that could help? Other ideas?",12,13,Organizational Tips?
4043,5940,"With just over a week left in September, and a ""bonus"" check coming in November (it's not really extra money, but it's a third paycheck when you typically get two a month), now is a really good time to plan your finances and start saving for the holidays (if that's your thing and you haven't already).

When I know there is a bonus check coming, I like to map out a ""transaction"" sheet leading up to that bonus check and the bills immediately after that one.  It basically looks like my online bank account transactions, but they're tentative, and usually roughly done (xxx.39 just becomes xxx+1).  It lets me get a good feel for where money is going, what's still sitting around, and if there's any extra I can either use for holidays, savings, etc.  If there is extra for you to do some fun things, it's also a good motivator to not spend frivolously leading up to the ""bonus"" check, because you'll want that money for whatever big think you have planned.",11,190,"If today is your bi-weekly payday, you should know, you'll get 6 paychecks, including today's check, from now until the last day of November."
4380,6407,"Hi, I'm moving out of my parents house and moving in with my friends parents (long story). I'm 19. Luckily I dont have to worry about kitchen/food stuff or basic furniture.

I dont so much need help with what stuff I need to bring, but more of what I need to do to get settled in another state. I'm moving from delaware to virginia. What I know so far is:

-get my own car insurance (dont know how to)
-transfer my license
-get new license plates (dont know how)
-figure out what address to use for important things (lived in VA my whole life, DE for a few months, should I use my dad's address[DE], my mom's address [VA], or my friends address where I will be living [right down the street from mom's].)

What else do I need to consider? 

Also, I'm trying to see if I can get in-state tuition in Virginia, but apparently I have to have lived there 12 months before classes start. My classes start in the fall. Would i have an exception if j lived out of state for only a few months and moved back in state?",6,1,I need help making a checklist for moving out!
4383,6411,"My parents never taught me how to drive. Basically i grew up in a crackhouse where my mother didnt even have a license. I don't have any other family. I had one friend who took me to practice driving a couple times but my car started idling high and now she wont take me, and i cant drive it to the auto place because 1. That would be illegal and 2. My license is actually expired now as of a few days ago. I couldn't afford it anyway. This friend isnt really even a friend, its just a neighbor who felt sorry for me. I dont have any friends. I have no one to help me and i cant do this alone. I paid for a driving instructor but even he told me he can't practice the manuever ability test enough for me to pass it, i have to have someone practice with me at home. And i paid him like $420. I dont know what to do.",1,1,What can i do?
4458,6529,"I‚Äôm a recent university grad and I just got a job from a big corporate. I‚Äôve been doing relatively well for the past month until recently. Jack asked me to do something in work in which i have to seek approval from Mark. Jack said he needs it urgently. I flagged this to Mark and he said he‚Äôll get around to it. Then the pandemic happened and work got delayed. A month after the request, I got an angry email from Jack saying that they werent able to do my job because I didn‚Äôt follow up. Is this my fault? How should I respond to this? I‚Äôm not very good with confrontation so i dont know what to do",8,1,[work related] am i wrong for not following up? (Names not real)
4465,6537,"Its almost 9 am &amp; i feel like I've had a panic attack for an hour &amp; i cant go back to sleep. Im 22 &amp; i feel like i am not where i want to be right now at all, I feel like time is passing me by and im completely stuck and i dont know how to get myself out. Im in a relationship right now &amp; my boyfriend has all his life together, great credit, great job, has so much money saved &amp; Could buy a new house if he wanted to. I feel like im holding him back because im just not on his level of success. I have zero credit, I just got a great job before this all happend but got furloughed, &amp; i dont have much money saved up since im not working atm. Growing up, i was very closed in, i never had confidence in my self &amp; my abilities &amp; sometimes i still dont even now. My parents divorced when i was about 8 or 9, i stayed with my dad &amp; he eventually got re married &amp; I felt like i got pushed to the side &amp; I never got to learn the things i needed to that would help me get by in life. I wanted to work during school, i wanted to be independent &amp; My stepmom said that i needed to focus on school &amp; not worry about other things in life, i was so mad but i was helpless, my dad never said anything. I just had to do what i was told &amp; so thats what i did. I never had to necessarily ""adult"" until i was 20 &amp; its not because i wasnt trying or didnt want to, i just never really knew how to go about it. As of now i moved states to live with my older sisters &amp; they've been trying to guide me &amp; push me out of my comfort zone. Before this virus happend, i had just gotten a great full time job that paid 15 an hour, i was happy because i felt like i could finally move forward in life &amp; finally save for what i wanted and needed in life, but as of now, i dont have a car because of an accident, &amp; i havent worked in 2 months because of the pandemic. I was furloughed &amp; then when i finally got scheduled, someone at my job tested positive &amp; i chose not to go in because i just didnt feel that it was worth my life. Now my sisters pissed at me &amp; saying im selfish because alot of people are risking their lives working right now which im not disagreeing with, i know how the world is right now. If i had already been working &amp; wasnt furloughed, I'd still go to work because i was already there &amp; would have already been in contact with whoever tested positive, but its different because i had not been working &amp; i felt it was an even greater risk now. Im not really sure where im going with this, i guess im just rambling. I just wish i was in a better position in my life &amp; i feel like i dont know how to do it.",28,1,Does anyone else feel stuck?
4528,6623,"I watched several YT tutorials but i still have some questions.

* even if u separate your colours, wont your colours Ts bleed into your other colour Ts - eg. if you wash a pink shirt w/ a blue shirt won't your pink shirt turn blue-ish and vice versa? is it wise to separate into whites / light colours / dark colours instead? is there a need to be this nit picky?
* how do you wash wool? i know you can set it on delicate, but wont it shrink just the same? is it better to dry clean?
* how do you deal with stains? do you deal with them before throwing in it in the laundry machine or afterwards, when you realise that even the laundry machine couldn't get rid of it?
* if its a very cheap (and hence) thin / bad quality fabric, is it possible to tear inside the laundry machine? i got a few shirts i like but theyre like thrift store quality but i wanna keep wearing them for nolstagic reasons.
* do you wash underwear / bras differently? how do you wash them? do you take out the padding inside the bra before washing? ive seen some YT videos of them doing that, dont know if thats necessary or wise tho.
* how do you wash thick jackets? i mean like downs, jackets with fur and other winter things.

i know how to read the symbols on the labels, but ive still got so many questions. thanks for the help!",6,1,How do you do laundry?
4565,6674,"Hope this is the right place to ask this. 
More context: I had a full time job at place A for a little over a year and had to resign for health reasons. I am now able to go back to work and applying at different places. I have an interview this week for a part time position at place B. But, I would love my old job back (place A) and have applied for it again. 

I am wondering if it would be weird to accept the position for the part time job at place B and then quit once I get my old job back (assuming I would) at place A. The last time I started that job (place A) it took a while to get a call back and an interview and then actually start the job after orientation. I'm not sure it would be like that again, but I'm guessing so.

So I would be at this part time position at place B for a couple months, I think. 

I just dont know if this would be strange or a waste of place B's time to hire me, or would look weird on my resume or something. 

Thanks for your insight!",1,1,Is it bad/weird to work at a place for only a month?
4730,6898,"I dont have dental insurance, and have a cracked (or rotted..) premolar in my upper row of teeth. The past 4 days have been me pretty much just drinking oragel. Called up a local dental health clinic that accepts people who dont have dental insurance, but they told me to suck it basically. Said the application process takes a few weeks, and they arent accepting new patients anyway, maybe next month. My employer offers dental insurance, i just never enrolled, mainly because I dont know how. I can tear apart a suspension, find out whats wrong, and put it back together like its nothing. But paperwork and insurance stuff, i feel 8 years old when its explained. I also dont have health insurance. Lol whoops. If I can get dental insurance, how do you find a dentist? Do only certain dentists accept certain insurance? Do I ask them outright if they accept it? Or should I just get a bottle of Jim Beam and a pair of vicegrips and make a night out of it? My parents never taught me how to do any of this, and I've been living on my own for over 10 years and never had an issue. My girlfriend goes to a dentist regularly, but she has had a dentist since she was a kid. I'm too embarassed to tell her I dont know how to be an adult, especially since she might move in with me. Help me Reddit, youre my only hope.",9,1,How do you go about getting a dentist?
4793,6985,i put a down payment and i will be picking up the car along with the rest of the payment in two more days. i know there will be a few things i will need to get started on once this car is finally mine but i feel like i dont know everything yet or understand the whole process once i start transferring everything to my name. i want to do like a checklist of things that need to be done so i dont end up being pulled over my a police officer cause im driving while missing something. obviously i know i will need to get the plate. i bought the car from a private owner who has had the car in the family since for ever so its pretty much had one owner- ish...(only family members of same household shared it over the years). i also know i need to get the license plate sticker. then look for insurance to cover my car. i have an idea of what it will need but i feel like the actual process has me lost. bare with me this is my very first car purchase ! and im doing it all on my own so i have no parents or family members to go to for help. i need to figure everything out on my own.,0,1,i just bought my first car but what next??
5156,7509,"My younger sister has two kids, me, none. I am in a long term relationship with a man that hasn‚Äôt become an adult yet, at 41. We have no kids. We talked about having kids years ago, when he had aspirations. Now, to save face with my family, I say we are childless by choice. I‚Äôm not lying. We have chosen to be childless, but not for the reasons that most people chose to be childless. I can‚Äôt support him and a kid. So, he made the decision for both of us. 

My sisters kids are little, and I love them. I‚Äôm the 5th wheel. We do family things and I always feel like the anchor. He‚Äôs always at work, and I do family things alone. 

Sorry for the rant. Needed to scream into the void for a bit. Thanks for listening.",5,1,5th wheel
5220,7595,"im 24 , moved out of my parents into my own HOUSE a week before my 21st birthday .. house needed a lot of work .. but i figured ... ""aye i got this . ill slowly work on it. going to cost quite a bit in repairs , but ill just finish the kitchen, bathroom , and one of the bedrooms. so its comfortable..."" well here i am .. throughout these years i have finished MOST of my house. only room i have left to do is my living room .. YAY .. but .. heres the thing.. i have collected so much stuff while living here, and 2 of my 4 bedrooms have become a storage room .. i keep telling myself ""i may want this for when the house is completely done."" or ""this is going to look so nice once this room is done "" ... and now ... im a hoarder ... i have spent so much money on things i MAY want in my future living room .. i dont even have a couch.... i been holding off on big items till the room is done.... wish i did that with the smaller items .. i could probably decorate 6 living rooms with how much stuff ive gotten .. im now in the process of tossing all this stuff out.... wondering why i even bought it .. 





once i got all this stuff tossed.... then im hoping to be more organized ... but .. i need tips ... how do you guys organize your house ? how much stuff for your kitchen , bedroom , living room , and bathroom are ENOUGH... 




my kitchen. i try to keep my counter tops as cleaned off as possible .. i have a kurig and a knife block on it , thats it .. but my cubboards ... are filled to the brim with canned foods and quick meals .... and cleaning supply (instead of the closet i havent finished redoing yet. )






my bedroom is , bed, dresser, nightstand ,tv  and a bunch of random things... its kinda becoming a 3rd storage room .... i need to get my life together .. eeheh .. i wanted that room to be as simple as possible.. and it USE to be .. 






office (second bedroom) computer , art supply... the most organized room in my house.. and i still can rarely find stuff in here..... 






bathroom, i .. i have yet to figure out how to organize this room .. every time i clean it , im happy and its spotless, 3 days later its as if someone came in , and dumped all 3 of my drawers onto the sink and floor .. i dont even USE half the hair products i have .. yet another thing i need to go through and toss... 





how do adults hold a steady job, and keep a clean house !? ... and ontop of that , some adults managing children as well !? what the heck !? how do you guys do this !? adulting was so much easier when i was living out of the 3 rooms i had done like legit , my house was spotless more time then not since moving in here...... the more this house comes together , i fall apart .. please bless me with your wisdom of adulting !!!!",1,1,being an organized person is hard....
5261,7645,"Title basically explains it. Not doing so hot right now to be honest. I dont know if I'll get charged for being under $25 (I have bank of America) in my checkings account but better safe than sorry. I'm not looking for get rich quick schemes, just a way to make a little money I'm the meantime

I have some cash in my savings account, should I just close that down and deposit the money in my checking account?",18,1,"Bank account just dipped beneath $25, any way to make a few quick dollars so i can stay above $25 until i get a job?"
5295,7693,"Well, as the title states I'm trying to rent an apartment I already submitted the application and got accepted to rent although the realtor is asking me to pay FIRST and THEN I'll be able to see the contract and terms and conditions. Is this normal? this is my first time doing this so I dont know much of how the process works. Thanks guys.",13,7,Down payment on apartment
5441,7911,"Hi Everyone,

I have some repairs I need to get done. Specifically, I need to get a new bathtube and tile. i dont have time to learn how to do it myself so I wanted to hire some people. 

It seems like a plumber likely wouldnt do something like this. Another option is to informally hire a ""handy man."" I read I should hire a contractor but I dont know what that is. Is a contractor a construction company? Would they do something as small as replacing my shower? Or is a contractor a fancy name for a handy man? Thanks for your guidance on this.",10,12,What is a contractor?
5447,7917,"TL;DR at bottom


I don't know if I just need to vent or need advice or what, but I am going crazy. 


So I (22F) moved out in March after I got married. My husband and I bought a house in a small rural town about 15 minutes from my parents. It was nice at first. We did a lot of renovations, painting etc, and it was fun and excited. We kinda stopped after we both started working longer hours and only have about every other weekend together. Our walls still need painted, porch needs fixed, linoleum needs replacing, etc. It's still livable but not super homey. 


A few months after living here, someone moved into the empty house next door. Didn't have an issue with them, or anybody, as we are friendly, but try to keep to ourselves. Turns out, that guy was already living there, but he just got out of jail/prison and was back home. He's friendly to us when we see him, but he's always walking around the neighborhood, shirtless, and sometimes holding a baseball bat. I've seen him yell at the guy across the street. I'm pretty sure he and his gf/wife are always high on something, not to mention their loud arguments. Their electricity doesn't work. It's all just a little sketchy. 


We noticed a few small things get stolen off the porch, like water bottles, over the course of a few days, then our gas can on the porch was taken. And then the one in the shed was taken. We made a police report, but they just told us we should put up cameras if we can. A few nights later I was home and my dog just starts barking like crazy at the front and side door. I am paranoid already, but I go outside and don't see anything. Well the next day as my husband is leaving for work, he notices some dirt smeared by our front door. Like someone had brushed up against the house. My husband got to thinking and stood on the door jamb, holding the frame, looking in the little arch window on the front door. Sure enough, same place where the dirt was. 


So I got that contact paper stuff that still lets light in, but you can't see in or out. We've also gotten a couple cameras, door and window alarms, and those poles you wedge under the doorknob to prevent someone from opening the door. I AM STILL TERRIFIED. I have probably listened to way too many true crime podcasts, maybe watched too much Dateline and First 48, but I am still not comfortable in my own home. 


On top of all that, I am so incredibly lonely. My husband and I work opposite shifts. So I work in the morning, come home, see home for maybe half an hour, then he leaves, comes home while I'm sleeping, and if he's able, he'll stay up and see me while I get ready to to to work. Most nights he's too tired to stay up, so I only see him after I get off. That's if I don't work over. He gets weekends off, but my schedule varies, and I'm working at least 2 weekends a month. Whenever he leaves, I just get so sad because I'm home alone (in a house I'm scared to be in anyway) and I start really missing living with my parents. I am really close to them and my brother, so I'll be thinking about them and text them when I'm feeling really lonely, and they are not great at getting back to me. Or the conversation is super dry. Mostly cause they just aren't big on that. But in person, it's a lot better. I go over there a lot to ease the loneliness, but I feel like a burden sometimes cause I don't live there anymore and I have my own house. 


My 2 best friends live 5 hours away from me, out of state. I've lived here for 3 years and made a few friends a work. Nobody I can really connect with though. I try to clean and pursue school and my hobbies, but most nights I get so sad that I just lay in bed on my phone, hoping I'll fall asleep soon so I don't have to feel this way. 


Moving is on the table, but not possible for a while. We're getting ready to put up more security cameras as well. I really tired of being here and think my mental health has really taken a toll. Some nights I'll just sit and cry by myself because I'm so sad or scared. I dont know what to do. My husband says nothing will change if I don't change it. I do agree, but I can only do so much. I don't wanna be the kinda person to feel sorry for myself either. So I don't know what to do or how to feel. If someone has some feedback or advice or even critisism on this whole situation, please let me know. I'm just sick of it all. 


Tl;dr... I don't feel safe in my house plus I'm am increasingly lonely and miss my family. I'm at my wits end and don't know what to do.",2,3,Bad neighborhood + increasing loneliness = me going crazy
5567,8081,"I'm 24 (F) getting kicked out unexpectedly because my grandparents are scared of getting covid from me. I dont know what to do now. Iv never lived on my own, I'm a bartender, I dont want to stay here because I live in a small farming town in the middle of BFE. I have a highschool eduction and an associates degree, no life skills, no dream, no passions, interests, life direction or even a hobby. How do I decide where I want to move? What do I do for a job? I don't know where I want to live, I don't know where to apply for a job or even what kind of job I could get besides bartend/waitress. I dont have family in other states besides my parents but we are not on speaking terms. I have no friends or a partner so I have nothing tying me down anywhere. I have freedom and I dont even know where to begin on using it. How did you decide where you wanted to live when you first left home? Do I throw a dart at the map and hope I like it and it works out? I'm overwhelmed.",179,126,"Getting kicked out, now what?"
5844,8461,"So my mom has a joint savings/checking account with me that was opened when I was like 15-16. Right now it has around $8k in there from my refund checks that I get from college after paying tuiton. That's money I'm kinda ""not allowed"" to touch without permission, and my mom sees the money as ""her money that she's allowing me access"" to, since the refunds came from loans that use her income. 

I'm planning to move out 2023 when I graduate college and looking into opening my own bank account now to have independence of my own money and be able to just up and move out without their interference .

At the moment I have no job or type of income and I most likely would have issues transferring the $8k to a new bank acct, bc my mom would raise hell about it. I have around $100 saved up that I can deposit atm. 
This bank account would be soley used for saving and not spending. I also have a second address to send any mail from the bank too thanks to my boyfriend. 

(I'm currently looking into finding a way to get a job to put the money in, but I dont know how that'd go since my parents would expect me to put that income into the joint account)

As the title says, I do NOT want my parents to catch wind of this bank account. Ever. 

They'd see it as me defying them or being sneaky and wouldnt like the fact that they'd have no control over the money I put in there. They would most likely force me to hand over the information/money or question me about why I have it and I dont want that to happen. 

So how do I go about this? What should I look out for? What can I do to ensure that they don't find out?",13,18,I'm 20 and looking to open my own bank account without my parents knowing.
5888,8528,"I am a recruiter at a small boutique firm. This is my first job out of college and I am currently 23. Its a very small firm under 10 people. There is little room for growth because of how small it is and the structure. The thing is, even if I did get promoted, I don't think I would enjoy the job anymore. I'm quite good at it and all my internal evaluative meetings have been pretty good with them emphasizing how much they love me but I just don't like recruiting. 
Recruiting in nature is a sales job, you're selling a job to candidates and selling candidates to a client. This requires you to be an extrovert or at least enjoy talking to people. I am really good at faking extrovertism but I hate talking to people. Or at least the way we do it. It all seems fake and forced and our firm just seems so picky and wastes people time. But on the other side of the coin, I HAVE NO IDEA WHAT IM DOING WITH MY LIFE. I know now is not the time to make a move with the pandemic going on and I realize how lucky I am to have a job right now. I am so aware of that. But once this is all over (hopefully sooner rather than later), I want to explore opportunities. I just dont know what im good at. 

I think I want to go into product development for makeup. But even entry level roles require experience. I dont even know what im asking. But I guess maybe, do you think that it is stupid to make a transition like that especially after coming out of COVID?",7,2,"I'm (23,f) stuck at a dead-end job and I don't know what to do with my life."
5951,8613,"Im just about to start a new job, but I dont have much experience with working in general... I hope I did all the paperwork right and all uhhhhh but I dont know if theres other stuff I should be aware of. Im gonna be a greenhouse worker.. yeah

Thank you guys!",6,1,What are some things that arent immediately obvious when starting to work ?
6004,8683,"it seems like such a complicated decision. I know my next 4-6 years will be in college, but then what?... Does my college cement my place of living? Am I supposed to look for a job in a country Im interested in, or am I supposed to let the job I want lead me? Will college (in my case NYU) prevent me from getting a job/ be unhelpful when getting a job in certain countries?

I‚Äôm studying in the US, but I dont think I want to STAY here after I study... I dont know if me studying here makes things more complicated in the long run...",41,1,How does one even decide where they want to live longterm?
6107,8838,"About 2 years ago I had friend whose life was just going to shit. I live in a different part of the country, and suggested she come out here to make a fresh start in a place where no one knows her and her life drama won't follow. I told her she could live with my brother, myself, and our other roommate for a few month for free until she gets going on her own. This woman double majored in English and Philosophy, so it ended up blowing my mind that so many simple things were difficult for her to grasp, like when she was trying to convince my brother that 'profit is morally dubious' (yes she is one of those people) but she didn't understand the difference between life insurance and 401k retirement plans. (Yes, seriously)

She was also OBSESSED with England. She spent a summer there as part of a work study program and loved it, which I totally get. I love Ireland and travel there frequently, even met my wife there. 

While staying with us she managed to save up and take a trip to England. After returning she tells me she is confused about something related to her travel. She initially said that the flight to England seemed to go faster than expected, and the flight back seem to take way longer. I said this understandable, you're excited when you are going and sad to be leaving. Then she said she couldn't understand why it took 16 hours to fly direct from Denver to London, but only 2.5 hours to fly from London to Denver.

""Really...you dont know?"" I might have thought she was messing with me, but truthfully this level of discussion was normal.

So I explained that she crossed 7 time zones, her flight was only 9 or 9.5 hours (I've done the exact flight many times) but you have to add the time zones to that figure, and when you are coming back you subtract them. It's not an exact equation, but it usually gets you in the ball park, like within an hour and a half or so.

I even gave a basic example, if you leave Denver on a 9 hour flight to London at 6 AM (Denver time), crossing 7 time zones, you should land around 10 PM in London. If you are going from London to Denver on a 9 hour flight, leaving at 6 AM (London time) you should arrive around 8 AM Denver time.

I explained all this and she just stared at me, I might as well have been speaking Chinese, she finally just said ""I'm overloaded by this, you just blew my mind""

By the way, she wants to be a college professor.",4,1,Educated adult struggles with simple concepts
6291,9085,"Just like the title says...I know silly question I'm 19 and I live on my own now, when I was younger I was prescribed Fluoxetine for depression and I would like to start taking it again but I dont know who or what to call unfortunately I dont know any doctors, do I just show up at a clinic or hospital? Do I call a clinic or hospital? Thanks",3,1,How do I set up a doctors appointment
